arrival_rate,service_time,num_servers,avg_wait_time
4.858879985877243,1.3392972860081682,2,17.843096998006818
1.180779028767398,2.8331848995695466,3,7.360425470504142
3.046599862364771,2.9248417691577466,1,20.95227002571866
3.645628228106203,1.1714970250388852,1,18.80552598873429
2.8497119556974826,1.236584940532811,1,19.91921794646532
0.9566554366629738,0.5071709338032713,3,0.0
4.11424722803371,2.0570481475844096,3,16.76403453423216
2.774582427924887,1.822268542598242,3,4.196047712089656
1.907035970626687,3.4991002344409,1,19.800968933272095
1.400800783004869,2.3179819176839946,1,15.390784668094858
4.154624014826858,3.9574033724025144,2,20.846137215622054
2.872628452996623,3.5479021572565634,2,16.42418512651612
3.038888455686699,1.4040990411179062,3,6.450048229239406
3.80127852116431,3.4317148074584827,3,17.898442082831366
4.272951990603403,1.7052231059575067,3,13.688349333424995
1.7151126873521632,1.1846207471801105,1,15.154455621766969
4.48585346122589,2.0336165110713296,1,22.629702831426677
4.878400293991099,1.9582352477296936,2,19.86185143750464
1.9030264956791718,2.8126772282169688,1,18.719960651021495
2.003400877070157,0.504589460149373,2,0.12847486769392588
3.4633123336199843,3.725945959168838,3,17.63365683486634
4.195403568174244,2.3670821475147084,2,21.468124396588205
4.346086489037781,3.968193994737535,2,22.332806047864267
3.647817269401936,2.588334227736834,1,21.806974177789375
1.6427229504476748,3.3642320259642466,1,20.36705108422764
2.6591056760510905,2.7418066631660616,3,15.104493507750016
3.668164022703696,1.1591945168425497,1,18.31688084405959
3.850511456946201,1.5123130699513128,1,21.165334643011494
3.123272397991168,1.793496578320139,1,20.946617986529183
4.094829862895681,0.623328599347584,2,5.357251372175942
2.2049248280204434,1.3894981559152577,1,13.566321644667012
3.5950262125769066,3.3223503310470646,1,22.259693252374326
4.138472362215876,2.250939700965982,2,19.15740672987895
3.503795057264151,1.1522122962967694,1,18.42807545246063
0.5127134718507078,1.4379363712217998,1,0.6201368546267217
4.746324550284581,1.9235371702106923,3,16.883901849179892
2.713309221216515,2.053608288076929,3,13.50205716013
1.2560177867516698,2.4957518187748677,3,2.6606685303909168
2.5892860782757103,3.6343034812776063,3,15.595606601119806
2.2175773290736904,0.5511993600548679,1,2.727703066380277
1.4943128052569923,1.9427217545109539,1,15.879542108325612
0.820764635309819,3.126381492431924,2,5.909937004577961
1.6213372806036894,3.866574553555952,1,18.81648499982946
4.247749219693313,2.4260307591116113,2,19.960033765672023
1.3531673551792598,1.933744947111305,3,2.4294159172017773
2.5366636365038415,3.2761615826119788,3,15.872368463845273
1.5003209221608877,3.3425017000624115,2,11.258276980539272
4.297518220703537,2.2224179844285055,3,14.38880675752898
4.841119200211054,1.8809265009763014,1,22.184162875261173
3.3302196665349024,2.7908933610832904,2,17.435695840053583
0.88099626541588,3.1398477665407154,1,13.248833128802941
4.097368917755654,3.2954292605256614,3,19.075608435880095
2.689533608425533,1.7518070654738263,1,19.875023862184122
2.0380996549855444,0.9345367604568624,1,14.071593991816364
2.3527388568129255,0.6735450485768726,2,0.36687969017477107
3.067419167547061,3.82884389758317,1,22.78996258908153
4.32285866250449,1.0038239165791183,2,12.074756624428518
1.374306730834005,2.7902661686646413,2,11.586509989590219
4.161181598201113,2.7733028414352296,3,18.307219481536066
4.317297264534474,1.0611688798401593,2,15.11422339630415
2.8187546201441265,1.3458386978854895,3,5.174126655437511
4.612617397676094,1.021233354443312,2,15.820203099698118
1.3848710165812297,3.03989986750394,1,19.014498590503926
3.581665714611877,2.6262448693276967,1,22.313235823247666
2.0222229042224855,0.9880696891539874,2,3.045424167619757
2.4849461519127574,2.294257078659738,1,19.990554933213332
2.582981379016569,2.2583106233977377,3,12.522093992667637
0.9574817906538182,2.3560094263618256,3,2.077496507720153
1.6349193202399008,2.175581215669149,3,5.1505068860001675
2.8423646406452083,0.79693781163366,3,0.2922158653530202
4.508395918635581,2.231956730393213,1,21.485278449426936
2.1194203281204773,1.4261375189388508,1,15.609265942337084
0.9409699016639463,2.7763299181370926,1,16.634443009307944
2.84044584134674,1.9646711387126334,3,10.651427278563443
3.7951250948468913,1.6096599328091035,3,10.861158721307728
1.6185476091783215,3.346552599772982,1,19.20236960270263
4.339409860070778,1.2955580122763721,2,14.504442091930828
4.794034970452258,1.8760522552953576,2,19.29116736026331
4.719825414976255,0.5461089090094711,2,8.604560122143356
4.705919655385806,1.6183702037508252,2,18.30897703463573
3.1193931661378325,3.3756866380988018,2,19.11556938600262
3.452614042082031,3.964487291836144,2,21.18943054485584
0.5583059342919297,1.4117369360572298,2,0.0
1.4417117360934153,3.1309903393908507,3,9.938458661972858
1.7354366419309684,2.7638412131055463,3,9.875683381532564
0.5151716539973541,3.532067197146816,3,0.0
2.6078971233342276,2.6814172954704967,1,21.877163096992142
1.0090692222702355,2.820519976857995,3,2.5423559593955565
4.7883933253591895,2.360661326716282,3,19.809608742155866
4.727746234732236,2.850970607803621,3,18.593299826186236
2.301553890883617,3.2288690961271826,2,15.774952710835015
3.2779753979786665,3.0582113939060873,2,20.69118958566685
4.766617678173872,1.4254202301259205,1,19.92571794189855
3.8300865832057767,1.6854606863988593,3,12.581340567513843
3.5045902734508427,3.0921636176519844,2,19.995328641742265
4.060419962723888,1.850851371963966,2,17.06698358638376
1.8953575160646792,0.6182703706643187,3,0.027068123471499148
3.0208332460821987,1.7868683835001855,1,19.46854906061501
4.250357006007771,3.2335632026950507,3,19.080216205471
2.786800382072147,2.7992026956252776,2,17.066966064711764
4.551133328327084,2.8725084057227686,3,18.58143853686535
3.5712458713476094,3.5881409528484287,3,19.594496974559434
3.7740583183359346,1.8371718307576659,3,12.643005445807164
1.5704430430345186,2.7893507666187753,1,18.18245419234241
0.8918210329065208,2.1578505046892253,3,0.7022856950851668
4.21872515272549,3.391127180043432,3,19.93737217259409
1.953511225846135,2.595040760446586,3,13.898973400218988
4.681592255520142,2.15221813609649,1,22.39317195603773
4.179199069803938,1.1944997079913797,2,14.873758833731198
0.6227854556891964,3.9137272533659817,1,12.392808567833505
3.8512440549078066,0.511039568495242,2,1.1505108180443062
0.9436555566264737,2.06224328644422,3,0.5872200702112738
0.6451743115686115,0.9942925393925786,1,0.6090799094379783
0.7375277856519504,1.5337157935905958,1,3.1736455333332105
3.589291778526645,1.6689831308241518,1,19.54779717663092
2.9454696414193604,1.0585989190763128,1,17.16625755615944
0.5566931735720224,3.9910539412570607,2,1.2261282095915056
2.4744190455972044,1.163464039222277,3,1.3838989423164048
2.503268762652786,3.5611246500868443,3,16.276875209946947
0.759626241496247,1.099720232624036,1,2.4311802238970053
0.9864684279206652,2.1610247087287946,1,15.475068159281383
3.7083485420931677,3.0014562833444747,1,21.636469480105905
4.757748292490405,1.3242900092146952,1,19.622140912584776
3.5766586980989974,1.077568550293883,2,11.306010413832615
1.6890951960567586,1.893858469662909,1,15.55677865748506
4.520850921679039,1.2193776444071844,1,20.551670415833172
3.1805279475329935,3.839730217386699,3,18.167146994775372
3.6629736381264326,3.397245185376084,1,22.596378077449096
2.371128081021109,0.5390162128241922,3,0.016682792117793794
0.987782668824472,2.006318552583757,1,13.413735480069596
3.6693220978657375,1.141703152930865,3,4.417084981649623
1.8305503873280378,2.7276426212500366,3,9.610361906034003
4.759360075123052,0.8633346368738437,1,19.811982246579202
3.6073254330280387,1.1207298571648718,2,12.800584924016952
3.3478139626709185,2.2984937226565307,1,20.722995720099018
1.06491086277657,1.2159774004486712,3,0.04523577340537149
3.8555033442964164,0.9960394735242422,3,6.591516437018754
2.8750510502269466,3.2007017029629607,1,20.722527535397354
3.8087201431186735,1.0915952360101497,2,11.061670976157146
3.9475393692088168,3.282845692210663,2,21.3821797439939
2.62411419724131,1.8857129234887637,2,15.323721264975468
1.1053401026459877,0.5401727245461023,2,0.04779340809278202
1.0029051275323204,2.442155646147096,1,10.771687458753242
2.2970551457574975,1.8285603578303224,3,4.115255807060566
1.9690423776953307,2.568079152333156,1,19.25414122592936
2.9618159551892185,3.2909990402603655,2,20.778106346606755
3.427268671227792,3.8846205351058702,2,20.275463945022544
3.6885083607518716,0.615586871027427,2,1.532871253860357
3.346254757618788,0.9165848865868026,3,1.9352535452416546
4.331593357015709,0.6063448906393009,3,0.18620942835225593
2.6039044681334182,3.9301561174441564,1,21.94333635567235
3.9523544391568746,1.4712235935984608,2,15.969769463685953
4.722621998408037,1.282876423671468,1,21.477479013128534
0.5026280546922354,1.2470253087123948,2,0.16143848219526566
4.780196580600869,2.530474091781683,1,21.473237879463433
4.7251263909708845,3.860802039286428,1,21.900958396365056
1.1127490232121993,1.5856866726214813,3,0.07588125809591316
2.1279656139754923,2.8753860217405527,2,14.798052344109822
2.6849377345994467,1.2281555242620155,2,9.294324463591789
4.215534949962876,1.3765085587415031,2,16.533693846816355
1.7677155686332466,2.386348651027721,2,11.136257609789736
2.6533945598942354,2.5428562311278347,1,21.113159315208
3.815997380050336,2.046089699398795,2,19.00473816548176
4.310906068830574,3.063704156576421,1,22.62688401682559
1.6084969815483088,2.25398881071061,3,3.9785921892860325
3.3903368494898225,1.6769186788434673,3,10.786420811673308
4.481624154275039,3.066074616529394,1,22.887816958418632
4.998837751625111,0.5948376988101969,1,16.359255910809473
3.7953237315105857,2.2767502499696377,2,18.466713779970554
1.1958906681481558,0.5818994375598174,3,0.0
4.327187396890667,3.90912425703641,2,21.752064233482038
1.4108374555284313,3.6746431543350324,3,10.511257311662186
0.9984565993626234,1.209410928117212,2,0.1886940969710006
1.333062505204282,3.66638929270665,3,7.278399540659486
3.0106170009186215,0.6956780771808563,1,12.438449544159518
1.0205592769939236,1.0659688806952843,1,5.4740034471987675
1.7463522665225288,0.999665877032492,2,2.167470240317418
0.8704733619198111,1.080359908138593,2,0.02288382288200108
2.7460351386785247,3.777977093888799,1,21.860850436771532
4.652694386981428,1.0752316401894948,1,18.702644342493954
1.8688260697896846,3.3117960869956966,3,9.921463061074586
3.687200830556224,3.768976988419894,3,17.636028909999876
2.864521040623454,2.320191288368088,1,21.813640802328056
2.9965016124938306,1.6812603541295585,3,11.13980018825056
1.4786874014220779,2.250554806904306,1,15.669839914398581
1.5418561780268465,3.8938063769333735,3,13.582717878079938
4.506214414513889,3.0702255054273846,3,18.078116780672726
4.093276113169656,1.6615586125427222,1,22.12694572482266
4.303244033876505,3.38656379857115,1,22.751435203723574
1.7603633624755965,1.420610327374217,3,0.5309389801145669
1.614684007430947,0.7778661125928975,2,0.23749938465565756
3.5784731114947848,2.4394027322968004,1,22.524504764888327
4.587365098346163,1.7917644822873813,1,21.76747638168297
1.2297141511844636,3.8093070581210906,2,13.174515281898305
3.025245634866878,1.9189809179071098,2,14.77507697056387
2.284052416309982,2.7349680154585725,1,20.650806766758276
4.2504796148273725,3.7449816927913298,2,20.547225928708478
4.163763072306062,2.1611960987268493,3,15.900684257005677
1.5813700891123186,2.0652170416919664,2,9.761747956704449
2.8534818673293065,2.8779132776240637,1,20.825225891281693
4.549163993009478,1.4329652121504228,3,14.681133501453953
4.655359152669457,2.5247407425476562,3,15.888319509145136
0.6947475807982469,2.3181814372783855,1,10.8924465691321
4.839799674319921,3.2972935929613794,3,19.62738652711889
0.5554079734589583,0.9766351341604178,1,0.34101286814703036
2.3258387835027623,0.5490912365786458,1,8.196209521980967
2.2768395728553137,3.5388474773957515,3,13.800382950314749
4.078771719694445,1.0452986652255873,1,17.775650986768976
3.458973855857814,1.1357451602797142,2,11.153923679019256
3.4243821399809766,0.8306116822484003,2,6.560452651230068
1.3266050397879776,0.6924483009929647,2,0.09283033275727401
3.600963591318542,2.8101562687918946,3,18.005214684595632
1.0044834874739716,0.6390216470430689,2,0.02526488945434095
1.5193697563472663,3.192476761732308,1,16.87523468804955
3.698596978250689,1.5757410879095985,2,17.075059804006315
2.8298087593523555,0.8749382677257,3,0.6424109139304655
1.3583007157890306,2.3132660944849093,1,14.887773355019908
2.0623076836278007,1.6540238613012046,1,17.752846142023504
1.736260633955626,2.1559987868910717,3,5.590363570823962
4.09018386949371,1.0416455270580172,2,12.559608097603645
4.937674199027764,0.9923607202014257,1,20.16270310890625
4.367811912028079,2.8106315187800175,2,20.592543268338517
1.35511425001107,1.0337483276719088,2,0.06965333316739827
1.5950497498014193,0.6389209770677969,3,0.03365580395150395
2.2320951177625563,1.0324451244245927,3,0.49250943855714857
3.2675761060941393,3.4344716711437453,2,19.94607006783108
0.8390166881743046,3.0267471421997296,2,5.150639587362604
0.6232629899652725,1.2884644276976407,1,0.6173473712389633
0.6096668444363111,0.8737979897761595,1,0.14002451031808869
4.2543865141971455,3.0130007043581406,1,22.652466890735923
1.478884088557025,2.7096414939065174,2,10.517118769569697
2.0882679132375657,2.0345741412108787,1,15.838915952190915
2.4986642168464885,2.538213434302979,1,21.264951258948145
2.0378416590449104,1.5291145803984114,1,14.573254574880476
3.2586159117507023,1.8144490712090655,1,20.44150340947034
2.688686470604241,0.956863343426263,3,0.28271958876632935
2.590669983650796,2.5047255783973275,2,16.60001339604717
4.516569390631087,0.5457448671768419,2,5.885968646201426
3.726224088603379,3.946510470396016,1,22.262122435329267
3.6181102750726213,0.8429027452110553,3,1.6196142979493038
1.7336305570289452,2.399176159228843,1,18.003268625979523
3.6790173478972408,3.467251082909449,1,21.396564495030045
1.7488253509053322,0.5000073234635676,1,0.6841391458655567
3.5086930239366203,0.9291839613008706,1,18.854103782423962
2.7660974534940705,2.9624791801415116,1,20.219176656145144
4.339991679469211,3.737711625502442,1,21.618453967177082
1.6287001942136778,1.4577725096172753,1,15.985402593476524
3.730689738530306,2.0988193365757133,1,21.673212113722958
1.6119010015211153,3.169934712034354,2,15.440924998088505
2.298860725995473,2.544008496267356,2,15.857047246932975
4.544801103667151,3.36500541108646,3,19.652429090204993
4.624603584528673,2.419854123465742,1,22.35842234553531
4.053072791746184,1.4769103645683233,1,21.21173915510453
0.713116901710928,2.9869354093613527,1,14.99458363608264
2.5301419284098925,2.601313246410711,1,21.321561170733766
4.51785725765918,3.3503085121010905,1,21.993592220178716
2.4065501675691228,1.026021181395362,2,4.1279721296817184
0.5131425969294526,3.168021557949988,1,8.313480390717626
3.7852104595202087,3.4491492951123965,1,22.281605410322825
2.946274812585893,3.6949721481389783,2,18.002896406438484
4.0618524757963375,0.71828270326592,1,16.85743173011086
1.8398294156655193,1.2228821241909311,1,14.17584698652391
0.7049931197308881,3.1348956326010367,1,14.694702061876203
2.324740349300632,2.9096059947419297,2,16.96985315697346
2.8701296864079664,2.2660544121530415,2,15.803929662942574
1.124941566996322,2.2001436063019213,2,6.082845023016278
2.1340189892390065,3.0669991336905778,2,14.167830419972217
0.6147759545685297,3.891755655646342,1,14.668067162574374
3.5433883767998156,2.7469295168027243,1,21.19212644444658
1.9024518552643284,2.3712933021941383,2,15.181932567974822
3.884760153684557,1.5114963937760275,3,13.572346835843748
1.7569254825111411,0.9070720338873853,2,0.7421067607274616
3.8739372635983065,1.4668220191811354,3,10.782953458594841
4.979809950960906,3.6364322279057,1,22.275843615700044
4.907633106469716,3.814541779388973,3,19.177108652693256
3.1960302137282,1.6468633813761593,3,10.463795556732837
3.902464261784192,2.0124415275180136,1,21.131375310699756
1.2069269517601424,3.224061458256987,3,7.412310853504192
3.6672778415565745,0.6134824616934574,1,12.602631451455418
1.1804689156462755,2.262870967823726,3,0.4604544406812717
4.41286510495781,1.1764085871432355,3,10.773201319587626
3.905393229404106,2.5334001401320836,2,20.20302300938498
3.2648158020491422,1.3077516698777583,3,6.366099731904772
0.9280166354216739,3.678319967507337,1,16.805485500679897
3.178621860426978,3.4931398412874177,1,20.406615082079337
2.571537763681306,2.1564739168005067,2,15.437404791692662
3.2068944967810142,2.000258455605297,3,12.261142702699766
4.666591237967495,3.9475448335302143,2,21.64079260437706
1.5247160959039796,3.904848231647064,1,20.65006160678122
2.030063185313397,0.8054056585467351,1,9.98833795064836
4.326836967367085,2.706264798022103,1,22.616291901908838
3.056766765204168,2.9270232448953477,1,21.8167790259064
3.403957428152574,0.9429256534439058,3,1.778564837731624
3.313931859008987,3.5988436057882494,3,17.9994237875817
2.468035288162029,3.2660570882736475,2,17.537412406580863
4.540438483156603,3.6133580560163505,1,21.998651019437933
4.214321301903549,2.87244750721331,2,21.870585550966716
0.9420809703470092,3.2873721211682736,2,6.309039619344737
1.1241907926416053,0.9071235157030797,3,0.01718511399716448
2.6195385953066994,2.5106208267657397,1,20.27729641280144
3.7394397202596763,3.0787218449911786,2,20.746018697439176
1.6650960714316427,1.4085434852650494,3,0.6084820926512241
1.035831519440449,2.518850336153352,2,5.179992693251617
0.5526448134429354,2.68978128638968,1,4.632106692027182
3.5539335483204084,2.470606630427681,1,22.32617292531061
3.622710335593783,0.7776948970830837,2,7.196423665659513
3.3017126897339963,3.0711837993435243,3,17.57862063840935
1.8493357092124931,0.6071962207543036,3,0.03172018717794118
0.5488822212673415,1.1988262970905985,3,0.052360995645055544
4.430287753683597,0.7253377476555836,2,10.326123120078234
2.1283038564138694,0.7621663192020579,1,11.153375609170865
2.619081946961873,3.121680947991102,1,20.92002145703816
3.770906827537031,1.9751246029083795,1,21.87560129758252
2.6458722161462003,1.855499127431084,1,18.417023524079106
1.9969370909883435,2.5474262794683216,3,7.302038554784083
1.7243538951059487,3.160453502472782,1,20.542182854739828
1.1227089569136819,3.677655924507356,1,20.12014318221596
1.3585614242076578,3.9817194480609985,3,15.708139879621204
3.626282133862448,2.4324286771430685,1,22.115640164532653
1.0361970728103294,3.3729779050028905,1,15.069392712394471
3.1994761005635386,1.227942651109263,2,11.313186440214267
4.586416565392269,2.4412719293523395,1,22.96087288851469
2.5715353692210723,0.5398818189823631,1,6.739456154099141
2.8904280724992524,3.962331218669263,3,18.01851056660312
0.5317922904937631,3.758480747210295,3,0.16835421583435553
0.7564163248644693,3.101621111717477,1,13.056272997684687
4.734134963562604,2.189540882038107,3,16.979713403640545
2.833245257898181,2.463229012240209,2,17.104296171165984
0.9267840366153851,1.0820975959583166,2,0.19889838457270603
1.144919816428405,3.0602016854499494,3,7.448897307073312
1.2917560114619608,1.544981345665989,1,14.650000745370763
3.4228486417781703,1.738794358673914,2,14.218558563651674
2.6353145956598034,3.3226831699292285,1,21.15366255693223
4.8611815663941735,1.636938646750244,1,21.54301459544862
0.6389783186538405,1.4144013416781804,2,0.21524966447601906
2.950171220709127,2.8459484095609207,3,16.994835343392918
2.9257848550723913,3.431152545924979,3,15.18583216129222
0.8831772495357629,0.7343792739595592,2,0.03553721367293215
3.9991468524553593,3.274669006877188,1,23.274235922682408
0.9066637148647505,2.110102826980897,3,0.23035443013879942
1.977903925363452,2.4106831560216118,3,8.948219062201707
4.436686642753502,1.7581265850017642,3,15.50104733706471
3.3212846351972964,1.5268446053570917,2,13.606356580036945
3.4944480109712632,1.286071100862912,1,19.525474059818976
3.282475329159835,0.8618038145355044,1,16.5430193890508
1.799494282625615,1.851025150856322,1,17.547794642648647
3.3110185944088935,3.888456653118781,1,21.847963815241375
0.7272096458743449,1.8211443524475688,3,0.009980663218463397
2.837514423423561,3.623746471664632,3,15.850942333466921
3.284553016379522,2.983821337673751,1,21.874790270612856
0.7536285946070799,1.815368279212584,2,0.6992620088505221
1.9903486748807921,1.158610040090029,2,2.474842160515615
0.5691738956360828,2.5023804582284668,2,0.7302514623581238
2.8546917167958252,2.311034086433121,2,14.736176594324023
3.7751889289314637,0.8768404818627925,1,19.334471282461298
3.964502181995705,2.866300004303341,2,19.587897027363386
2.227260333748556,1.6744541908518706,1,17.579552745798555
3.418596891548795,1.298404399196442,2,10.789057450795202
0.7356308614387432,3.987996402415097,1,17.70495302327254
4.573157324730447,3.5311029562794296,2,21.0742309780266
2.6396485649119055,3.578219038696047,3,16.816478499058164
4.243731332029391,3.733038897956405,2,22.211004674383656
3.3380503842413036,1.7759676771498354,1,19.900973828943997
3.940616651888268,1.6796890986092696,3,12.028159719212956
0.8260540066534912,1.0226464997027698,2,0.16358148291466404
1.0387232644181374,3.15710913482634,3,2.340879994212019
2.02215155690616,3.6080288279869785,2,17.04787997157248
1.3491019157067035,3.690556226978546,2,11.121001955866282
2.464950393549564,2.1089874669348356,2,13.675194190013853
4.845456526971454,2.5819372434200747,1,22.38133990185968
3.3493419709678163,2.8713808541009516,3,16.83988760520953
0.6897140920746854,1.8095369149690268,3,0.03271137395268407
4.580228751247825,2.5169768943240585,1,21.79375098735897
4.623605072770939,1.3233606187088351,2,14.121385557667491
4.245243844274524,1.3461893178010174,1,21.529571465356707
2.390209371739954,3.5708882028417253,3,14.812212221738454
1.3065045609108623,3.629002265067219,2,14.831356879797578
2.551480369849361,2.2091607118797167,1,21.20826902013635
2.1009162468117197,2.400140971770614,1,20.653758870785822
4.638074514278445,1.5807859633064,2,16.94805096668469
0.5794592902206976,2.7155970718655285,1,11.142129384058997
0.9375773950742269,1.9037177683796223,3,0.3283494754451573
2.8318391482658374,1.8648390595570536,1,19.650098854503145
3.7482880576926947,1.8813954646040405,2,17.476286075141257
0.5143929245466077,0.7624624470460123,1,0.12372145985056189
0.5069180101018087,2.7591371228513077,1,9.66925719334933
2.8068861185440284,1.948787688656001,1,19.79295182593848
1.3319176342104726,2.36306133081703,1,13.663421250828755
2.9739110026766222,1.7759456406563812,2,14.741922939921116
1.7533769278562552,3.3011471146287987,2,14.73841414028932
3.2062574638217303,3.96956544541841,1,22.51808423444556
4.24516098651309,2.2753010153696622,1,20.802368725994075
4.853382364428159,3.313456329896222,1,21.96931371234278
2.0957414769164924,1.4593572741567535,3,2.012251339733851
1.0905004762034598,2.832680885901086,3,2.293936117259775
4.517770880900349,2.405163897373093,3,18.796367440256876
2.9365054991128305,1.296412169641422,2,13.880242191257397
2.802529830104742,3.5432600455167864,1,20.982540060894728
2.068942616646213,0.6203883644004813,1,7.886974273338723
3.613615485404907,1.0365785624304618,3,8.628687358641193
3.4922606392477733,1.305516644685955,1,20.43965047260391
2.5577239912884866,0.7149016711336287,3,0.43907093077231907
3.8290641383213697,3.553337140712586,2,20.305977416007778
3.818809902748642,2.070188184197507,3,14.392050312295892
4.920688703053177,0.5764773963737686,3,0.6622973125640211
0.9711257922773542,1.8889570443356283,2,2.0146091063158718
1.797584288507732,3.918051586847559,1,19.101862942452154
4.984959752465855,2.6522166695270153,3,19.407985958376596
3.8337448248284085,2.656692123774481,2,19.781215555997978
2.242700363662857,2.5919863526334868,3,11.911926493185048
1.1287415067256101,0.7904019887073945,1,0.908987636527641
1.7466036320204792,0.7279704213445012,1,8.528580741189888
2.697626010308261,3.254415214297622,1,20.280968013538615
1.6080646363593663,1.8983970380760546,3,1.6680137760590863
1.9838001264890628,2.105558672087669,1,17.62211322220765
4.226441387387194,2.9652923303203265,1,22.12717234622491
2.8519082151614112,0.762360393760806,2,3.736739300562356
3.019965040545701,1.3101166411650806,3,5.168123089563973
4.816599628571281,3.2723037403379087,3,19.680891998957375
1.731606812067541,0.9706570890653499,1,12.076253482359693
3.4499018923563773,3.80437555783842,2,21.735404661361816
4.7019869448807965,2.306882503446613,1,22.25119680689559
2.5014594595176742,3.047828660767819,2,17.535194651476747
3.634074529884131,2.604907304359404,1,21.363119533781475
2.6993581229211965,3.416613454469161,2,19.516192695251902
4.700224954057148,2.1184197488621157,3,16.84246783483161
1.7911526806215765,1.077571716638365,1,16.339725687595482
4.926642354657262,1.1834538775520136,1,19.17057674199039
4.270055981543843,0.6744239285737696,1,16.673170621088964
2.0206670128269515,2.864092456443742,2,13.5664197457226
3.563211190453015,2.8150081842658063,3,16.58222690899045
2.227762853615542,2.4169174995047893,3,10.328697376434382
2.7655477702309517,3.06731238986995,3,16.081720905091082
1.4199237463444405,3.9602320692555644,2,13.715648786773944
2.542138893753031,2.5604524728748705,2,17.41688823030376
1.9546492472150474,2.0291282077986503,1,17.473647111539922
2.3491127576392,3.912676695597442,2,19.075762600214404
0.9235717037222964,0.7107999035582664,3,0.00176811202034886
1.737022676457653,3.45810968010389,2,16.612309900247656
4.4388727035451705,1.8221007456569676,1,21.052927596278238
0.6982600600936484,3.0170706975349164,1,10.512779446198874
4.075265723831279,3.0353221540151534,2,20.58334008797588
0.6531663770560219,3.3318922322562545,1,8.605589639732734
0.8172216265517507,0.66206521782016,3,0.004002265554895907
3.463285503178536,1.8645810703411854,2,15.532792717913269
2.8845231882911944,1.0596601041424711,2,7.925580239332671
3.8177890563968746,0.5301485425597983,1,11.530653672821767
4.960479953122342,1.9722175428543796,2,20.261869624803815
3.0992678793262005,1.3607173759444224,2,14.571795349199208
4.653711532162229,1.868853896422892,1,21.96016707883654
4.24154195810728,1.047620007352245,1,19.642760040236467
3.820848132381031,2.8586363183099857,1,22.657111470384223
1.8297783997013735,3.7418816926521417,3,15.093949520823168
1.2664715722707998,1.7442302440781698,2,4.164355073268459
4.819955967863714,2.2092646876178197,3,17.075195815841266
2.522485070297053,3.2860511206171097,1,20.81300869162429
0.905474540190493,0.8492384831982797,3,0.009417424694484682
4.746975874667174,1.211949548736415,3,13.360601667224252
3.530208319573096,1.3893580576316058,3,10.590949574361176
3.483188895909589,1.0181360206099956,1,17.09526333437226
3.181386491700445,2.6113481893647212,2,17.305152392699938
3.497417945115861,0.551944409893657,3,0.11347009552130422
2.4959588230275065,3.566677306858776,1,20.890747310268605
1.3688975124651943,0.6568322249601721,3,0.007245749921560466
2.1178912963504435,0.9260215430376131,3,0.19277879165068015
1.3019919266687072,2.6834181833932744,3,4.844912266818609
2.800043656851733,3.2062435887920424,1,20.940313469402845
3.2145094587355443,3.368120254405108,2,20.017733275982987
3.690155650963667,1.5693754897137668,2,17.376356594272835
3.558334882243175,1.0200964474463499,1,16.59573852206934
3.8212188284721367,3.10014725554407,2,19.979619855398024
2.0212325892821124,1.8369475780492146,3,5.657942256485525
2.3278954715166424,3.164291350190299,3,14.488216128865139
1.9456122726919092,1.488245638151749,2,8.631487856357213
2.5621007505358007,0.5639980226777614,2,0.15683039176721908
3.3905878022500096,3.9466286173658176,1,21.734748660008204
4.112384699184186,1.3044376552350148,3,9.910367961914956
4.2160932306783,2.3140777410079063,1,22.177833220296115
4.0938286268871895,1.9385036720153526,3,16.446752184919035
1.7573511727330584,1.3905314851469661,1,13.688940643691803
1.6649897039454373,2.204396491356313,3,5.843372050798234
2.638644754491831,1.766279051450791,1,19.23569801939453
3.088870324593798,3.224353687063112,1,21.328650358641006
1.051576683424124,1.644411751133005,2,0.6158754080582265
1.1317113548583357,2.18515680303111,3,4.107909073791154
3.536628792378453,2.6318942394786853,1,20.242096447341268
4.990322864953061,3.410507618422361,2,20.540758533323405
3.0200509805977953,2.1512868737988295,3,14.356490213711059
2.979744107866434,3.4843643400030646,3,14.938976846200424
1.3279267051882104,1.7883093798118241,1,15.049996935893462
3.531566684396703,3.9235823740117235,3,18.0124906488842
4.243970252178817,3.599725864296942,3,18.813990384198053
0.542818910969393,3.020447282445085,2,0.4906296603009908
3.683122479108138,1.5910987953833788,1,19.249928900408293
1.1159098261020337,3.040723916156834,2,7.460739663943308
4.234985048630282,0.6178407196353158,3,0.3679248477706449
1.127440267375342,0.66516072466951,2,0.09471776548579514
4.296930160781961,1.127123303587322,1,21.610339433804594
4.580682544414522,2.382177076652013,2,19.831979211303345
3.9965352239409673,2.983197848407614,3,18.76049775639729
4.21061859627711,3.875106754524521,3,20.438450624334266
3.171697451988867,0.9338886115205669,2,8.097195490949439
4.812656037306789,2.001744376527185,3,15.591111493675358
2.3062165531395817,2.9160287274826695,3,14.677424625953135
0.822415966208647,2.7896339354524735,2,9.671873459227797
2.6972900234687467,0.8902407208963641,2,4.233275816566352
2.888559238495886,3.6716167948469782,2,18.954567596753922
0.6986661593418501,0.7749355105973975,1,0.3125011446185969
2.775280702353813,2.7026681810771196,1,21.46616915084052
2.109481043349176,2.0310865429628047,1,17.261701328784206
1.131156561224844,0.6613343391615654,1,1.1622493715573399
3.1229603006452975,2.6252482002921846,1,21.02885493784438
2.2860290427264784,1.4973793608674697,2,14.485078498539165
2.4546182535351937,1.1669357300839267,1,15.905851812698582
1.3037714523452824,3.442841573386112,2,10.897408405271149
1.4584462336941584,3.9709082511993645,1,18.774837386547492
1.3430102604259528,2.2101103053798017,2,8.054069764505613
1.0878821677267745,0.5001443250614649,3,0.005959016251738146
2.7809164268594384,1.8408193993413797,2,15.47516320977149
0.6781104983105206,2.3051581165861474,1,5.858059259822736
4.989264750085434,1.330726360783737,3,13.315539381971787
3.8573851605610643,0.8809134637372082,1,16.309342463866418
0.8040834069563187,2.523902175293385,1,10.792505602812321
1.553433356212685,2.511507028381885,1,18.592227407630585
1.644399961346813,2.136002381335211,2,11.89018714003236
2.5091112047036748,1.605865091445074,3,5.748863982784135
2.5264787900106587,1.5531456426481651,2,11.77945099935633
1.8879603975619044,2.6870851985104593,3,9.045364386107874
1.306075931669437,1.6856138649433567,2,4.164165842920549
1.7515694881822292,1.2829625361446786,2,5.529611784458214
2.6601880247576037,3.3825965678920564,3,15.102316961844142
4.95307006355821,2.76414017739418,2,20.795230519687763
1.8735001653260022,1.4331987422026442,3,0.6109136302874446
2.6035479962782286,3.9066417631951156,1,20.322355198225708
1.1816220582922037,3.1714903594268513,1,15.934610987644357
4.526664098586016,2.713407461349957,2,20.8365280116333
4.097613351039522,1.5981584267848645,1,20.834459432687133
1.965499668627075,2.867690244177379,1,21.842245120888624
2.2679120179736163,3.1156074744505546,3,16.250003012041592
2.799472334454612,2.537497114885327,1,20.44199863417675
4.810500509939976,1.1169532284078252,3,10.428984556332244
3.7940016001851933,2.679603527092786,3,15.188744111144041
2.2141807329026864,0.910169025202344,1,10.511552614408057
2.4250431007372444,1.4873526247319728,1,17.55073498785305
0.5493992625946007,1.062255249535804,1,0.32832501746682996
2.557639163853636,2.721375821628417,2,17.23643320918568
2.2580698365004612,2.6760209958594894,1,18.19397088163043
0.9831916809264245,1.6299499097209753,1,10.523600906214671
4.979899491212711,3.5830005560502283,3,19.60969665058729
2.24855610325545,0.6441023844558971,2,0.08573504632479484
4.302707970502357,1.1920346666650068,2,13.91363839332884
2.2702983649249715,3.1224257680813015,2,17.799079592215715
4.785595900605239,1.1089618237179266,3,7.682434889590059
4.534033478075819,2.465141643338545,2,21.32323193637555
1.8041746064099027,2.4139164136151647,2,12.336243285712303
4.597202642455862,3.4429486948447714,1,22.9901054815399
4.0026174742030936,3.404112079663262,2,20.237681061274333
1.4878024253934714,2.622312373210887,2,12.808146527718527
0.5651740379955008,1.1246093340122085,1,0.2471773877463314
3.534458568994074,1.8131892292361127,2,17.292052740413066
2.4838748567956137,2.3620207875859007,3,8.780425625068206
0.9691373668675263,2.35385270473476,1,16.014073912738823
4.630728269746381,3.3048447202936195,1,23.436885016813456
2.513083489922469,3.1259290430438926,1,21.530238438473727
3.9094289177908053,2.6483002631918113,2,18.39033190548784
3.7318748688119237,1.2976855741258086,1,18.663204745212617
2.9813042724714456,1.7166603188861105,2,15.97061337012389
4.377473348283117,3.237234207190352,1,22.951471128070793
1.8613257918462105,3.4375790383940688,2,15.104589467259196
4.828179797340825,0.5880191493187705,1,14.836740299440699
4.458160074967595,3.0427873031339496,2,20.741905070468242
1.223314847080919,0.8483216449692358,2,0.04514657752340417
3.7956063410870784,2.7677755786605776,1,23.465656732451567
3.496250153408732,1.3236684313404001,1,18.735549969167284
4.60102584379425,3.8906692806727854,1,21.74394962271679
0.6701683058479155,1.5830234390377984,1,2.540274464065419
4.28673370943477,3.9105174927319863,3,19.39562068481979
4.207605358608905,0.8739104253423547,3,6.252327345670622
0.8230439557386222,3.3148417624749773,2,8.84093207613306
4.128066410844095,3.9691978895963134,3,20.205536118666966
1.3984044890653466,0.8591689760295831,1,2.1869551230606654
2.4614048908355763,1.5646821043720016,2,12.049519942436621
1.9711583606434655,0.9836465995964081,2,1.5738086492429475
4.612911024168319,1.1691828842963663,3,11.649455696347484
1.03739875567345,1.687548243017864,1,7.982505168082213
1.3992214187408014,1.6251953674855064,3,0.3229690163010252
1.020434379892964,0.7159477345380628,3,0.011601440341596842
4.934378447447229,2.238841894944938,3,16.417281036624676
4.466335804657293,2.838598488493785,1,22.396486429657006
2.6016569636012705,1.9777241187886134,3,8.278452420760027
3.7752458254483052,2.2274839880642596,2,17.502205708345688
4.982812756759743,1.1813811888380397,2,15.576176400034557
2.062671883514375,3.4747232455473895,3,16.20972445029677
4.0477292432540555,1.0557595605535446,1,17.710927983033983
2.6785209659970612,0.563872734030965,2,0.3600030644063826
4.038500967387774,3.846779308718734,2,19.819366330335715
2.868002544930065,1.0329706507101608,3,3.1748031081188444
4.281035898162573,1.5390637881378737,3,11.584053979999293
0.6300570173226706,1.6597128100401382,3,0.16813006807852032
3.7628433567721853,0.7475157480264493,2,6.751952855538672
3.7090189801106606,1.1069305343144664,3,7.049164341178135
4.829556642656378,0.641916188656161,1,16.622577392422077
1.000738076841214,1.3015385650915845,3,0.03284348973557288
3.419377410676905,1.6198936154942412,3,11.419656013133055
0.6200560837313314,0.941183427821233,3,0.0
2.401436944183092,1.1834413393074554,2,10.300414258658618
4.136637148096095,3.6057089757519063,3,19.003310135347625
1.595745572996368,2.074558369334869,1,17.57774370964089
0.9754393273863879,0.5301785782790165,3,0.0
2.7033999112701745,0.9356767642771,1,15.804269717259613
2.2794089981539587,3.3225604251135703,2,19.624262620767656
4.028344190756208,0.8761289877187077,3,3.3275041169371686
2.5570946204711236,3.2809100229783725,2,19.82474452680078
3.241389911998401,1.2719005865189157,2,15.271663929865042
3.086606267032384,0.9654622873677303,2,5.654529959435673
2.0982994106973374,2.637120418476206,2,14.255376952909325
0.877826403816767,3.991848440716899,3,2.4828175262576457
2.3457970460614,2.7887831864652006,2,16.668100024591475
1.699027277357514,3.1786251705530777,2,15.658204780148733
2.7776201044166093,1.8213471327876256,3,9.902897180514453
2.394251670838151,2.1166947937023486,1,20.108510494677187
1.5501727064121518,1.389245680460629,3,0.19328078760552553
2.809022085316949,1.425879662174594,3,6.471953155210059
1.8448151614951769,1.5186619824788556,2,7.379309896750302
3.8230624449006276,0.5665643798129222,2,4.170132811663513
3.1035117237956715,1.7254760438097747,2,13.863318005754165
0.9031065225038515,2.8652728278749207,2,3.525508564814351
1.3068411089723904,0.9449294170870123,3,0.006868746814565878
3.7132995086591767,0.9263982322550938,3,3.227084814980073
1.3037548266275754,3.2986332641090597,3,5.480167879697724
3.210322138641263,2.3564385034622872,1,19.457579763146732
3.5540322441217334,0.6313521014936208,3,0.26060992249265497
3.7700194173059813,0.73429704370064,1,14.82212141376745
2.70487190831843,3.592931251904428,3,15.14301700603717
3.255278920893394,1.222195018508068,1,19.142402914130194
3.2962086584839536,0.9879254976141856,2,10.872385523467502
2.561644757019463,1.4863456069079122,1,18.150428520897503
1.5637669956195501,3.458970739756338,3,10.149519855215853
2.283378049918144,2.7052859833889187,1,20.510300739873067
0.8748105277079348,1.934464316722584,1,12.48952084009884
2.4763646666016794,3.892603432385502,2,19.789611445426168
3.608737942068985,1.2646844654265936,2,12.974701592085854
4.0741768837665635,2.828748760860951,3,18.81322904389169
1.2655719772769676,2.261068907118177,2,2.77805857507675
1.036040747129222,3.943460409348087,1,18.019833923775625
3.0771343903119113,0.5917734580860473,2,1.0036828161113718
3.583764704833119,1.0562020087172075,1,17.801803989396053
4.509555538360212,2.9432463346699556,1,21.78742771637017
3.7113130734890536,2.2903410578721415,1,21.279068232307814
3.4719374222103228,2.756357861238752,2,19.38061298077333
2.667040714871614,1.6360624299634416,3,6.573063706015136
4.416462174978111,3.511078447207297,3,19.981441361462444
3.9307899385855007,2.249752753717009,3,16.276724385341506
4.339219050738343,2.872767945960125,3,18.327141018698317
2.6245476201050253,1.034715841724247,1,15.67219641564798
3.9709956543204226,2.17882955145797,3,14.740973632500474
2.1152044502978193,1.0179877918960965,2,3.472631774179686
4.237971280240297,1.2952431839104568,1,19.814271839794163
2.1012191603020756,3.939136323987265,2,16.46252734879318
0.9678150802969787,2.3215765826047425,3,1.0378221423734135
2.880608144508856,1.279206798303313,2,8.855435219285999
4.318035062038765,3.598872270307403,1,22.749312754154424
2.499055096762265,0.7555783218807013,3,0.1043389785404351
1.4901902289997688,2.6029978791493695,1,19.80042583714817
3.7634871558059966,3.1085901979531045,3,18.572512358735253
1.4643114042354375,1.0819874958998754,1,13.292752815100867
1.3402812841832474,1.1441557137428042,1,8.272945282635881
2.5229103425126564,1.0491048759154207,3,0.3535934010379535
2.559871701192925,3.826109802947546,1,21.694320836940847
3.442716495494081,3.4235103526600925,3,19.295666796975556
3.174120021329038,1.1641261516702004,2,10.66773792666528
2.5600101462751774,2.3294742072088175,1,19.310008071593742
2.564646802413478,1.6194289564971667,3,8.987618496468096
4.2493275185257415,1.0736321891235732,2,14.824684219367462
2.4377632939903915,2.0224089624494743,1,20.03036861832948
1.522447877259382,2.112591352917012,1,17.03885942683115
2.9565077633842423,2.7636643313638225,2,17.21980256017112
1.1948464353537185,3.815909980192606,1,18.73310993683551
4.467376649440391,3.3139306858987565,3,18.4259313791507
1.3782153949875582,1.1775759731210265,1,11.782012792032992
1.9875979269047175,3.6363788350097095,1,19.72867896065577
3.1550894453019795,0.6335976604938849,3,0.15135075074337515
3.4159454632329362,1.174185481979312,1,19.015839445071975
4.9792931963841065,1.6147041630270955,3,15.532534122800865
3.261726327504004,1.871861238034109,2,14.053366771312517
4.45862638280691,1.8991733614943667,2,19.390609330947434
1.6273969576646037,0.5037535632337475,1,1.739573523169417
0.7186922713669368,0.6663323014775473,2,0.01374281666304968
4.141122308023293,0.7488236632943139,3,2.7890554066301916
3.9734861076569548,2.0009701748179163,1,21.9987209998036
0.5217360525761777,3.762245783891675,3,0.00311617704625307
1.738299509474606,3.128778900049187,3,9.23417168260066
2.871627510125967,1.3485619301212912,1,19.10907934063176
0.805984560712187,3.0768535752623603,1,17.963924354764515
2.3032223277846198,2.7378547973048226,3,13.949722728898811
4.061432833457815,3.264178717038389,1,23.34595931590868
2.286866099831628,1.4626998642547866,3,1.8068268846811542
2.81129936077513,1.7872472151699168,1,17.955212193748828
4.657157096533568,3.6969179010448254,1,22.632208462743673
1.7366176889020124,1.5989068497842371,1,17.34469488591744
2.763082875261881,2.8369331866048673,1,19.4334368136686
1.1900559350904505,3.832722845474358,2,8.697574889028742
4.985672325332127,3.330528744739498,1,22.25554380865782
1.4499291826607383,2.0868830621440373,3,1.1686902422698342
1.8139253566335665,3.7259286112849117,2,16.97577613211171
3.5749874430915356,2.9464678805576505,2,18.72527463519053
2.72387487619321,1.3447499369409859,1,20.231611335761595
4.724014875321586,2.753947601301152,1,22.05470271907523
4.021541410301814,0.724768607926475,1,15.531268138220238
2.882190522382063,2.3410318481246506,1,20.7419236994202
4.922908781013854,3.663670960135548,1,23.03278357734681
0.808159336718074,1.313546409821746,2,0.04022782730443544
1.0613075335651279,1.7388403868498206,1,10.422661355003022
0.5044843265014275,1.605959344225453,1,4.616110175944613
3.5853846945144383,3.932342519002284,1,22.45184804556842
4.045292010657747,0.7658495300842373,1,17.534492311074764
1.8899554570014678,2.7037473502148384,3,10.36502630743235
1.1312038612002115,3.562543568268147,1,14.74561355693001
0.548462544792494,1.9638204485386037,2,0.33433320778919096
2.7408717169030647,2.8353459900990714,2,20.09967465243416
0.8371525848420649,1.4836376117776668,1,7.327684578468677
4.842632801355705,3.079922946640677,3,18.353179583099333
4.361008754161468,1.5613144811929511,1,20.53600115485339
4.439633011231463,1.3218117224969568,2,17.453679889171454
0.8837563744408412,3.498477870098623,3,2.757928654500959
4.10259520534373,2.603152926069856,1,23.0371672701637
0.7094611838639991,2.5516316662136003,1,5.505288199472562
3.4474857260908642,2.1697208546595648,3,14.331231517182221
3.5719653150666657,0.67129015361075,3,0.16337939492214815
2.54791341013793,3.1993152426067955,1,21.881067190049972
2.3945543546210466,3.0138578935010325,1,21.03121952233711
1.9639528649455216,2.5347120141177655,1,20.1094184019852
2.586141074656862,3.074143923419274,1,20.16319812338174
2.571521485941575,1.5597514814998257,1,20.319311458564634
3.131037840535318,0.9683029311912592,1,18.083697000561653
1.0880667177301842,1.3309498140950675,2,0.46062672828013984
3.812272949630664,0.6368496949416477,1,14.862190429280567
4.891580655011147,1.4501220165152284,3,14.49278075473254
3.582265407733798,1.5347955454185909,2,16.058652536038707
3.0628914057987457,3.2360534549303543,2,19.54784578285963
2.29614615864766,3.959483951519369,2,18.005250467123723
1.5352929217392568,1.1870458009247984,1,7.461530327842302
2.456932508055992,2.860215479111684,3,13.5825591153307
1.99826664060586,3.1067535256894954,3,11.878173152431572
2.262257117987601,3.0813446130849886,2,15.614381869780967
0.9161164884436586,2.9606542488092145,2,4.138946441664224
1.7143891895462455,2.062986427883477,2,9.279225254140577
1.9215508367123892,1.9246228694825496,1,16.315242136222
4.101623001256512,2.5913075906788636,2,20.60663318481874
3.4857946392963424,2.0303939624828464,3,12.898549719460092
1.5581092676070512,3.621715310504349,3,11.853905554499287
1.6809531553821409,1.8889767822717711,2,14.151203047817017
1.3525641303737292,1.843724789341779,3,3.5044303970120585
2.9035084063400047,0.5025983972363747,3,0.03390645071387786
3.7603960768511437,0.7576777492529185,2,8.066695044755198
2.0847640232026956,0.9967461408341656,2,3.7866026962152812
0.9133111073478443,3.0953712762950714,1,13.672207506108819
0.5590271233554654,1.7727070155237885,1,2.730741356549925
1.2556494650826024,3.3438751066568773,2,12.925989147362312
1.552918896051317,3.5644192149098015,3,12.361798469723615
1.9905485499538595,0.5461837710221946,3,0.01130978530318064
3.5364963929912556,1.2625743652378396,1,19.250597841800232
3.0527908778973103,3.6985883048825463,3,18.245435910170972
2.8366014718273673,2.4992125445002076,2,16.19607506243833
1.612994346115771,3.2469939187017225,3,13.32516436727826
4.5050013239940085,1.0344803280582655,1,17.795425800281247
1.3625259212802427,3.7509210057582023,2,15.393124288257095
2.547151411645144,3.9767904837913326,3,18.190942169775152
2.3638837216573547,2.2976421896378456,2,15.471043089837611
2.7515434037434057,1.3123236068302084,1,18.202779449096763
2.822288229200158,3.0077869190966893,2,18.496246043463472
1.487703884419263,2.884064392256775,3,13.74120334422583
3.5795732213900187,1.498157190309896,2,14.709391614088354
4.144547778759231,3.785077655461948,1,22.04039679822219
4.188595038716876,2.220411556476039,1,21.41387972394071
3.97494214251427,0.638735214480672,2,5.971648507590948
4.422141951290846,1.9856131299446376,1,21.84075932261385
4.543029085626408,1.8219975228966676,3,16.363877801101484
3.747012660001229,0.870985413520746,3,4.149755498538005
4.366724962673592,3.3807603490880074,1,21.950168342360737
1.100556912761692,3.4907750564402003,2,11.552978602695443
2.6260827734321635,3.424497396668099,3,16.538044823275794
2.773320666916747,2.427313289579655,1,20.499051575442206
2.05706626207391,3.3665736757553386,3,13.078258182115412
3.65906526122738,3.2815403615795593,3,17.06362085077927
3.0929720274804477,2.5583105294191713,1,20.43294723742549
1.6168071009245122,0.6373938457425408,3,0.00887569212632366
0.5709356271814314,3.3520855090942585,1,10.239204907028256
2.4056194432495346,0.6407018784180911,2,0.34574146388135724
3.295058663027411,1.2214769896657562,3,7.755967262971825
1.9859620605075636,0.5667182006933766,2,0.09274185638447244
2.165853381861756,0.5762691572217664,3,0.022960130829922012
0.8022905518855112,3.3437709013046892,1,9.378938923591592
2.1841222397579174,1.7253370292598897,2,11.726363346169725
3.052685106093917,3.117226805036139,3,15.793423342439274
1.6538475483837856,2.2125478495193827,2,10.801047763992248
3.653625827578543,1.5779838273493603,2,15.282131221157856
2.9934162923393286,2.508206472300771,3,14.296684545560595
3.0208323381154245,1.992351826528438,2,17.039219070454497
1.5535088877250427,3.955618676414717,3,13.133388933239216
1.8583664734459782,1.5142942777850916,2,7.118369065773604
1.6114949405778773,3.287087231230123,2,13.712448097920568
0.5000765677585695,1.5159593849188688,2,0.18804666606528464
1.9977721070954526,2.9991008685766247,2,15.510388408928618
3.5808152833342355,3.0331680794111295,2,19.07037906839149
0.9675370936961408,1.1003992155534161,2,0.2776618537476097
3.6333679381861557,1.6269169996781598,1,20.41203472921177
3.662102776986987,1.9486028611813602,1,22.64278006016406
4.450241809431265,0.5928152607972916,3,0.22612163663039045
0.9202054317661978,1.783708105145006,3,0.28978901643009614
1.6658752627111013,2.7945269464664086,1,18.91715008891734
2.115126765866063,1.4530830635220258,1,18.635259126204375
1.0789141827393909,2.5612256482584015,3,2.595837746346031
4.594637941765366,3.752956549677422,1,22.83631500175341
3.221845657576234,3.3379112051945565,2,18.82130016967404
2.2962592592842803,1.7224062643380202,1,18.74841557434561
1.2449416316119368,2.9850057734752893,2,15.066084535095271
3.253050791590836,3.384720966498876,3,16.540447494808607
3.1063739883861765,3.48012862289138,1,21.75462983507525
2.386699902596531,0.6538036142847086,1,4.956344652487253
4.618949161918309,1.320999332379477,1,19.628501166166284
1.5985437191020964,2.1655096361377737,1,17.912909712929064
1.3396570485463777,3.2304098075596954,3,11.753202506237427
3.5974256942453766,3.3906907533392996,2,20.034575038169987
3.0705227848673977,3.4218570519940426,2,20.104766026293877
2.9045950062581776,2.2283896203565816,3,12.720413082836044
0.8987880516946136,3.4357764971455373,2,10.814693061119916
1.3826811600340017,2.2693709326769484,3,5.304327234262492
2.034775959302368,0.928696822036171,1,7.746134617626497
3.0425028163700016,3.1402216077954686,3,18.682247026729243
4.631403414457886,2.321870316162765,3,16.55689259861075
1.1432018312995722,1.0653801273794394,1,2.145373913157913
4.906760591511826,0.835576559557953,2,12.302812055399274
3.422456325372754,0.9155115474884062,2,10.342355747592634
1.5540664819806147,2.2330367681412095,1,18.88633830691344
4.227398902743456,0.812402609160582,1,17.73927691062858
2.2309529891600794,0.779553443412312,1,10.32245411204891
2.710689547653388,3.7953814447477243,2,19.349494261387733
2.030469191689674,1.5795847098122837,1,18.792830541100024
1.6156634404423187,2.9060248634134442,2,15.14699727275541
2.4291425777039195,0.8461100700505746,1,11.970025664101122
3.912887285324268,0.9883944263671542,3,2.9214707622313605
1.5343660684740614,3.5246083211604926,1,19.758241117543704
4.046724308681937,1.9355702100079628,1,21.396860584166145
4.820436321144388,2.0748753689928914,3,16.93841187304912
4.236130783217951,0.6036204394162559,1,13.697082252137115
3.240103596456827,2.983000062149003,2,18.525910828188692
4.761251901863489,1.6769025012964227,1,21.353784710340594
4.431951330795522,3.5550685162261426,3,19.637188926323994
4.655235723952478,1.2126709889703244,2,18.092534146282706
0.7238668023652518,3.825224547940778,2,5.09124144260844
2.028953958363014,3.6045752381448852,1,19.876657254478705
3.998799396008859,2.1519155188686336,1,21.289737428870474
3.954993258089782,1.8998779293533814,3,17.949281501076868
4.087759569113805,1.1128917701300813,1,19.34129703343716
4.616095702183749,1.2269592397137665,1,20.399493697514075
0.5593685996512533,1.1837966481014648,2,0.022894978280448192
0.862628820953665,2.3613599661713263,3,0.5482691795419299
0.5156765087940929,3.1858904245985853,1,13.048512280986131
3.2119431588563336,3.090848386055328,2,18.0582190964733
4.4191385935749885,1.6300071439587083,3,13.94035816674822
1.2253758894444224,3.923626961279219,3,7.382890306940762
0.7395090536322991,2.5349816252398627,2,1.454502455876114
3.9300699717092287,2.1664221016535348,1,20.133653491082658
3.003976216492301,1.4800984908578314,1,19.54436582101807
4.0390241513071565,3.7555228556515576,2,19.210424361873805
1.1430485156665415,2.47903280320202,2,3.606070013474208
1.8713414847942746,1.4771033975860597,2,7.228212283988539
2.8522930678446023,3.1298920952677376,1,20.853414350872477
4.718311140221346,1.0734704329543865,3,11.66438126244911
2.8151352938258873,1.446410902789716,1,18.835396685786797
3.8155196674247818,3.7661385264891933,1,23.473237597371146
0.8817158441042022,1.2210128526406727,2,0.17205493739153255
4.383325157772765,3.4794026732172645,1,22.35348702191026
1.8489870062772973,0.8480617610507653,2,0.2425216458103508
4.8705551753001295,1.2688561614584253,1,21.644432078443153
4.091935928119476,2.2658960373910695,1,22.204035044908892
3.4976663643178814,1.276973331484991,2,14.963996294802675
4.875758159707151,1.3026826167953556,2,18.40530955693059
4.926164052047567,3.26428965301585,3,20.44407627999414
2.343819322028935,3.1508040010606226,1,21.14601294196385
3.158630550524629,3.599763553866293,2,19.136377802923327
3.9718347637627027,3.8234838895798977,3,19.995390650498635
0.711318016576088,2.9645597663710257,1,13.79355640248538
4.531205962208326,3.2685167937824557,1,22.400810942433765
2.5460647778032204,1.6591712965943972,2,13.61753206820398
2.4759322518015727,3.625697989664581,1,20.996437273324798
4.686629204984282,1.5783303662568438,3,11.716421010168228
4.7282803144628,3.1898902950330736,3,19.41238454135122
1.2408784854534793,1.7142833653682428,1,7.855214713388912
4.319077059034962,2.008133331310015,3,15.043872648183266
2.9469163583109887,1.2196964839854645,2,12.323008516483466
1.0529828912416497,2.2643654049345496,2,1.9331474876845385
1.2529870668677743,1.0181302026138535,2,0.09829656406133812
1.0172552626153009,2.0002855333510143,3,0.4180552607562562
0.6681530925045529,3.3702550393271102,2,9.96428066639853
4.313583701255799,0.8525927813498311,3,4.285816395295139
1.3453440881665268,0.6554192761534763,1,0.8570905266456247
4.445345103571054,2.825633533989514,3,19.0431519523695
2.7427727224661282,3.749804360047027,1,20.88085019878624
2.203190922380179,2.302798785921377,1,20.28208156143464
1.9950854263779834,2.581957308279873,2,13.981603944353266
1.2827170810264834,2.719047543567637,3,1.5802750017355511
3.9819334995879947,1.23580386104306,3,7.847383407219047
4.498587274179335,1.1697371561003431,2,14.25343198501185
1.7494560290354624,1.8939430740305694,1,13.807506170801965
2.604691643342178,2.607534798179926,1,20.856231691811086
2.3486713133133703,1.3405862323055213,2,9.17415554636007
3.7656768789259036,2.8460101264428017,2,20.57138835357542
3.798813590946871,1.1107102597062057,1,20.103635856468745
4.90115634794659,1.2914888139056124,2,15.917690089899082
2.6980166830566357,3.779252027198885,1,20.80364389899851
3.647722757798112,2.0856909898628624,1,20.549208050728748
4.345415716342295,1.6333810194847715,2,18.311855761448747
2.183691572039934,1.4153294436529578,3,4.986684724411728
4.889377279122982,1.7404153607609518,1,22.599393442502038
3.443212354471645,1.6676587450364517,2,14.665076687361397
1.1572249126450913,3.202193233992454,3,8.235232477902814
3.6923131659943342,1.7750428727932337,3,13.616265673819687
3.368931809570727,3.5932766395085336,3,15.598329653134334
4.860948672368075,2.6708221384501543,3,18.690539813860465
3.49211136220568,1.5449216102335166,2,15.60815950794999
0.853346895761429,2.125297044924686,2,0.6273390379169845
2.891522324329122,3.625429711903085,1,20.2253072783469
3.382394004608422,3.7728747021954576,3,19.848757116177243
1.6090838793403786,2.23051130178911,2,10.76829049159519
4.394463987561502,3.9882927470744995,2,21.812321142799426
3.593613123568476,3.8743664893556007,3,18.225338542845225
4.529266703877422,3.906802189200342,3,19.403028830950966
1.1148698192009556,2.730165051132366,2,9.487463483093103
1.0880029173775263,1.300014783749296,1,5.688359621609538
2.7382689046722297,3.8829242247126152,1,21.588561120007867
2.8050583256163515,3.2500795525831787,2,20.12057514645005
2.102460442559239,3.658028902468385,3,14.947403391830862
3.1222988697674916,1.2753893766892623,2,14.397852602185571
3.8239084583499174,1.063609056663498,2,14.473418882088414
4.975352743220095,1.6218012775147828,3,14.655683731841135
2.1403856395119454,3.06950564677888,2,14.336257454827395
3.747019960104851,3.509736539348812,1,22.652895691310004
1.8785383080389115,2.8185098260931056,3,10.611633386057967
0.5889396441892153,1.1369903245689368,3,0.008418661866685516
0.7704825382320979,0.7598411515361572,1,0.6928674151274725
4.605525756258613,2.674241207531515,2,19.481009236419915
4.813276833717115,2.4180488676193397,2,19.149841155533903
4.344549898308591,1.3275390933604239,2,16.97911530749939
4.2226995696124305,2.801048884314302,2,19.82057273912544
1.7229770523020866,2.841422037412943,3,11.131076482932292
3.6014364622878676,2.685806098885854,2,19.38475425291903
2.0234647533106584,2.391171113523364,1,17.312176413788272
2.293038192230563,2.849492252934806,3,13.438225829375577
2.694821210386882,3.3258419740549985,3,16.911577759365212
0.5540555831392383,3.532338692108226,3,1.5638942879278963
4.421281792041306,1.8784353503062263,2,19.48412564121804
2.342615618990272,1.5062726100671744,3,5.180921883707048
4.905642871519732,3.7590163012442153,2,22.30471344765342
3.6595422590989433,1.8459163225450472,1,20.52230641899482
0.5897873220889343,0.7837146676981961,3,0.0
2.125903588456009,0.7954020262368346,1,13.415345483755281
3.249562536647299,1.6413537840713979,2,12.890148028607376
1.288864241798076,2.3635534944036056,2,1.8254997338053225
3.9685688689448972,2.703316854418217,1,22.02891319005004
4.2684428718565375,3.019463537545475,2,19.895689475826774
0.8727531641333622,2.1224049672193193,1,13.25745784093967
1.138400132353666,2.5334107518514686,2,9.20434893456162
0.9103372425426779,2.883049611315839,2,2.751212110718611
4.843326202772234,2.143004025267021,2,18.75904323507176
1.519904004134924,1.5371856893861113,1,13.967897396604283
0.8674149022709451,2.3070856219368663,1,10.250793220187639
3.4309804946454303,1.31210589822439,2,13.366626389983514
4.793916072514378,1.1025021023322805,2,17.061632418291737
3.3958715205558785,2.1798624655231427,3,15.138740572680776
4.07468108853451,3.302791691357113,2,19.782813009894266
4.176011853610225,1.2275786434545959,3,9.393024192270776
4.392963043465588,2.290477732525229,3,16.967785273324154
4.213029344175814,2.126733368966657,3,17.28177888396928
1.6212667559831324,1.86115540986802,3,2.788722678729515
4.057688640456818,2.454080732075533,1,21.71100297606639
3.6863144934170142,3.237714627524882,2,20.959054369814698
1.965896902600846,2.4872712557115726,3,8.813980642940004
2.0288293108719513,3.1004056776278404,3,13.878071356248807
2.026969785803938,3.461399252321959,3,15.783430633902077
3.3513839299259636,1.720653601442508,2,14.309079902929717
3.5552670465446896,1.4466692298863484,1,19.674854339994884
0.7873718242895116,0.8062102066218513,2,0.0939794170562374
3.312259702211772,3.4865642883344914,3,19.04798981723262
3.2387172710955103,1.5057972545041904,3,9.67529224234895
3.9145449752933636,0.9542832975003437,2,12.443300524205386
1.327452021830768,1.4440625411877832,3,0.14318027951688425
1.0524318030214606,3.9351053459990526,2,12.16930543476828
4.498700738765137,0.5561179157943592,1,14.5082399821166
1.5297586257404379,3.540236244916821,1,21.130821481627436
1.0394486444560513,2.6739998691929445,3,1.3566084628427353
2.487627358077027,1.2332666316244854,2,8.340829499041131
4.360901759098393,2.705472427034336,3,18.447293766974877
4.1268846918327995,1.40480150463215,3,9.439737270306344
0.7372921675933716,3.4680136199491245,2,12.177017075691833
2.7540996622465657,3.728800297934932,1,22.25783104585722
4.609135899046236,2.50041685461635,1,22.182266521748552
2.8431532303398135,3.81377776258147,1,22.066218309958394
3.019010962512286,1.0094979756157394,1,16.325453528478697
